{
  "model_type": "TwoStageRecommender",
  "dataset_tag": "ml_v_20260215_184134",
  "als_factors": 128,
  "als_confidence_mode": "linear",
  "ranker_loss": "YetiRank",
  "ranker_best_iteration": 586,
  "n_candidates": 300,
  "n_users": 121637,
  "n_items": 17695,
  "als_train_time_sec": 267.78,
  "ranker_train_time_sec": 617.97,
  "val_metrics": {
    "precision_at_5": 0.154234,
    "recall_at_5": 0.022873,
    "ndcg_at_5": 0.162647,
    "map_at_5": 0.105,
    "coverage_at_5": 0.019101,
    "precision_at_10": 0.132661,
    "recall_at_10": 0.038127,
    "ndcg_at_10": 0.147065,
    "map_at_10": 0.07605,
    "coverage_at_10": 0.03436,
    "precision_at_20": 0.112853,
    "recall_at_20": 0.060707,
    "ndcg_at_20": 0.134437,
    "map_at_20": 0.056237,
    "coverage_at_20": 0.061599
  },
  "test_metrics": {
    "precision_at_5": 0.114372,
    "recall_at_5": 0.015306,
    "ndcg_at_5": 0.123175,
    "map_at_5": 0.081039,
    "coverage_at_5": 0.023509,
    "precision_at_10": 0.096382,
    "recall_at_10": 0.026737,
    "ndcg_at_10": 0.109424,
    "map_at_10": 0.057238,
    "coverage_at_10": 0.040916,
    "precision_at_20": 0.079196,
    "recall_at_20": 0.040477,
    "ndcg_at_20": 0.096763,
    "map_at_20": 0.040896,
    "coverage_at_20": 0.07245
  }
}