{
  "model_type": "TwoStageRecommender",
  "dataset_tag": "ml_v_20260225_225448",
  "als_factors": 128,
  "als_confidence_mode": "log",
  "ranker_loss": "YetiRank",
  "ranker_best_iteration": 599,
  "n_candidates": 1000,
  "n_users": 121637,
  "n_items": 17695,
  "als_train_time_sec": 136.44,
  "ranker_train_time_sec": 2244.09,
  "val_metrics": {
    "precision_at_5": 0.157661,
    "recall_at_5": 0.022232,
    "ndcg_at_5": 0.164436,
    "map_at_5": 0.106942,
    "coverage_at_5": 0.029782,
    "precision_at_10": 0.139315,
    "recall_at_10": 0.03584,
    "ndcg_at_10": 0.151201,
    "map_at_10": 0.079469,
    "coverage_at_10": 0.050184,
    "precision_at_20": 0.121925,
    "recall_at_20": 0.061311,
    "ndcg_at_20": 0.141396,
    "map_at_20": 0.060456,
    "coverage_at_20": 0.083752
  },
  "test_metrics": {
    "precision_at_5": 0.111759,
    "recall_at_5": 0.014562,
    "ndcg_at_5": 0.12161,
    "map_at_5": 0.078764,
    "coverage_at_5": 0.036734,
    "precision_at_10": 0.097387,
    "recall_at_10": 0.026175,
    "ndcg_at_10": 0.109688,
    "map_at_10": 0.055934,
    "coverage_at_10": 0.060808,
    "precision_at_20": 0.084121,
    "recall_at_20": 0.041839,
    "ndcg_at_20": 0.10014,
    "map_at_20": 0.041239,
    "coverage_at_20": 0.098841
  }
}